{
  "urls": [
    "output.ogg",
    "output.m4a",
    "output.mp3",
    "output.ac3"
  ],
  "sprite": {
    "bass.1.10": [
      0,
      4363.90022675737
    ],
    "bass.1.1": [
      6000,
      4372.607709750568
    ],
    "bass.1.2": [
      12000,
      4363.90022675737
    ],
    "bass.1.3": [
      18000,
      4378.412698412699
    ],
    "bass.1.4": [
      24000,
      4363.90022675737
    ],
    "bass.1.5": [
      30000,
      4366.802721088433
    ],
    "bass.1.6": [
      36000,
      4372.607709750568
    ],
    "bass.1.7": [
      42000,
      4372.607709750568
    ],
    "bass.1.8": [
      48000,
      4363.900226757366
    ],
    "bass.1.9": [
      54000,
      4381.315192743763
    ],
    "drum.1.10": [
      60000,
      4375.5102040816355
    ],
    "drum.1.1": [
      66000,
      4365.3514739228995
    ],
    "drum.1.2": [
      72000,
      4381.31519274377
    ],
    "drum.1.3": [
      78000,
      4365.3514739228995
    ],
    "drum.1.4": [
      84000,
      4375.5102040816355
    ],
    "drum.1.5": [
      90000,
      4366.802721088433
    ],
    "drum.1.6": [
      96000,
      4372.607709750568
    ],
    "drum.1.7": [
      102000,
      4365.3514739228995
    ],
    "drum.1.8": [
      108000,
      4365.3514739228995
    ],
    "drum.1.9": [
      114000,
      4365.3514739228995
    ],
    "sounds.1.10": [
      120000,
      4365.3514739228995
    ],
    "sounds.1.11": [
      126000,
      4365.351473922914
    ],
    "sounds.1.12": [
      132000,
      4365.351473922914
    ],
    "sounds.1.13": [
      138000,
      4365.351473922914
    ],
    "sounds.1.14": [
      144000,
      4365.351473922914
    ],
    "sounds.1.15": [
      150000,
      4365.351473922914
    ],
    "sounds.1.1": [
      156000,
      4365.351473922914
    ],
    "sounds.1.2": [
      162000,
      4365.351473922914
    ],
    "sounds.1.3": [
      168000,
      4365.351473922914
    ],
    "sounds.1.4": [
      174000,
      4365.351473922914
    ],
    "sounds.1.5": [
      180000,
      4365.351473922914
    ],
    "sounds.1.6": [
      186000,
      4381.315192743756
    ],
    "sounds.1.7": [
      192000,
      4365.351473922914
    ],
    "sounds.1.8": [
      198000,
      4365.351473922914
    ],
    "sounds.1.9": [
      204000,
      4365.351473922914
    ]
  }
}